<cacti>	
	<hash_040021edb9fb7e6656f44e34652960625032b5>
		<name>ucd/net - Get Device I/O</name>
		<description>Retrieves the I/O for all disk and memory devices</description>
		<xml_path>&lt;path_cacti&gt;/resource/snmp_queries/net-snmp_devio.xml</xml_path>
		<data_input_id>hash_030021bf566c869ac6443b0c75d1c32b5a350e</data_input_id>
		<graphs>
			<hash_110021a9290ce34d38bb09074ee5d96679694b>
				<name>ucd/net - Device I/O - Bytes Read/Written</name>
				<graph_template_id>hash_00002130cbb1cfd3602413d84757642b71666a</graph_template_id>
				<rrd>
					<item_000>
						<snmp_field_name>diskIONWritten</snmp_field_name>
						<data_template_id>hash_010021520349abb0429ae09302de76d090204b</data_template_id>
						<data_template_rrd_id>hash_0800210810b7d392b044e5947e324942a6c6dc</data_template_rrd_id>
					</item_000>
					<item_001>
						<snmp_field_name>diskIONRead</snmp_field_name>
						<data_template_id>hash_010021520349abb0429ae09302de76d090204b</data_template_id>
						<data_template_rrd_id>hash_080021569d9564a56dfe030df1fec5b596a6eb</data_template_rrd_id>
					</item_001>
				</rrd>
				<sv_graph>
				</sv_graph>
				<sv_data_source>
				</sv_data_source>
			</hash_110021a9290ce34d38bb09074ee5d96679694b>
			<hash_11002144735d5afb573d8a19af9d0d85d07c4d>
				<name>ucd/net - Device I/O - Load Averages</name>
				<graph_template_id>hash_000021aa2984e39e8c1a1a417e4de3a06be822</graph_template_id>
				<rrd>
					<item_000>
						<snmp_field_name>diskIOLA15</snmp_field_name>
						<data_template_id>hash_010021520349abb0429ae09302de76d090204b</data_template_id>
						<data_template_rrd_id>hash_0800218aa93b5eb1db402622935784e9bce232</data_template_rrd_id>
					</item_000>
					<item_001>
						<snmp_field_name>diskIOLA5</snmp_field_name>
						<data_template_id>hash_010021520349abb0429ae09302de76d090204b</data_template_id>
						<data_template_rrd_id>hash_080021c7d3c107a9598f2a1209ed0fccd2527c</data_template_rrd_id>
					</item_001>
					<item_002>
						<snmp_field_name>diskIOLA1</snmp_field_name>
						<data_template_id>hash_010021520349abb0429ae09302de76d090204b</data_template_id>
						<data_template_rrd_id>hash_08002115f554db4748ed584449fe6d3cddb38e</data_template_rrd_id>
					</item_002>
				</rrd>
				<sv_graph>
				</sv_graph>
				<sv_data_source>
				</sv_data_source>
			</hash_11002144735d5afb573d8a19af9d0d85d07c4d>
			<hash_1100212bb111ab931b86766db8e67150a6b5a2>
				<name>ucd/net - Device I/O - Reads/Writes</name>
				<graph_template_id>hash_0000219ac598676e55dfc08efe6e4ec7c51a0a</graph_template_id>
				<rrd>
					<item_000>
						<snmp_field_name>diskIOWrites</snmp_field_name>
						<data_template_id>hash_010021520349abb0429ae09302de76d090204b</data_template_id>
						<data_template_rrd_id>hash_0800215caf6f213e9e828efc9f8f9b2ed76d3d</data_template_rrd_id>
					</item_000>
					<item_001>
						<snmp_field_name>diskIOReads</snmp_field_name>
						<data_template_id>hash_010021520349abb0429ae09302de76d090204b</data_template_id>
						<data_template_rrd_id>hash_080021bd02243964326257af313861ed5dbd68</data_template_rrd_id>
					</item_001>
				</rrd>
				<sv_graph>
				</sv_graph>
				<sv_data_source>
				</sv_data_source>
			</hash_1100212bb111ab931b86766db8e67150a6b5a2>
		</graphs>
	</hash_040021edb9fb7e6656f44e34652960625032b5>
	<hash_030021bf566c869ac6443b0c75d1c32b5a350e>
		<name>Get SNMP Data (Indexed)</name>
		<type_id>3</type_id>
		<input_string></input_string>
		<fields>
			<hash_070021617cdc8a230615e59f06f361ef6e7728>
				<name>SNMP IP Address</name>
				<update_rra></update_rra>
				<regexp_match></regexp_match>
				<allow_nulls></allow_nulls>
				<type_code>hostname</type_code>
				<input_output>in</input_output>
				<data_name>management_ip</data_name>
			</hash_070021617cdc8a230615e59f06f361ef6e7728>
			<hash_070021acb449d1451e8a2a655c2c99d31142c7>
				<name>SNMP Community</name>
				<update_rra></update_rra>
				<regexp_match></regexp_match>
				<allow_nulls></allow_nulls>
				<type_code>snmp_community</type_code>
				<input_output>in</input_output>
				<data_name>snmp_community</data_name>
			</hash_070021acb449d1451e8a2a655c2c99d31142c7>
			<hash_070021f4facc5e2ca7ebee621f09bc6d9fc792>
				<name>SNMP Username (v3)</name>
				<update_rra></update_rra>
				<regexp_match></regexp_match>
				<allow_nulls>on</allow_nulls>
				<type_code>snmp_username</type_code>
				<input_output>in</input_output>
				<data_name>snmp_username</data_name>
			</hash_070021f4facc5e2ca7ebee621f09bc6d9fc792>
			<hash_0700211cc1493a6781af2c478fa4de971531cf>
				<name>SNMP Password (v3)</name>
				<update_rra></update_rra>
				<regexp_match></regexp_match>
				<allow_nulls>on</allow_nulls>
				<type_code>snmp_password</type_code>
				<input_output>in</input_output>
				<data_name>snmp_password</data_name>
			</hash_0700211cc1493a6781af2c478fa4de971531cf>
			<hash_070021b5c23f246559df38662c255f4aa21d6b>
				<name>SNMP Version (1, 2, or 3)</name>
				<update_rra></update_rra>
				<regexp_match></regexp_match>
				<allow_nulls></allow_nulls>
				<type_code>snmp_version</type_code>
				<input_output>in</input_output>
				<data_name>snmp_version</data_name>
			</hash_070021b5c23f246559df38662c255f4aa21d6b>
			<hash_0700216027a919c7c7731fbe095b6f53ab127b>
				<name>Index Type</name>
				<update_rra></update_rra>
				<regexp_match></regexp_match>
				<allow_nulls></allow_nulls>
				<type_code>index_type</type_code>
				<input_output>in</input_output>
				<data_name>index_type</data_name>
			</hash_0700216027a919c7c7731fbe095b6f53ab127b>
			<hash_070021cbbe5c1ddfb264a6e5d509ce1c78c95f>
				<name>Index Value</name>
				<update_rra></update_rra>
				<regexp_match></regexp_match>
				<allow_nulls>on</allow_nulls>
				<type_code>index_value</type_code>
				<input_output>in</input_output>
				<data_name>index_value</data_name>
			</hash_070021cbbe5c1ddfb264a6e5d509ce1c78c95f>
			<hash_070021e6deda7be0f391399c5130e7c4a48b28>
				<name>Output Type ID</name>
				<update_rra></update_rra>
				<regexp_match></regexp_match>
				<allow_nulls></allow_nulls>
				<type_code>output_type</type_code>
				<input_output>in</input_output>
				<data_name>output_type</data_name>
			</hash_070021e6deda7be0f391399c5130e7c4a48b28>
			<hash_070021c1f36ee60c3dc98945556d57f26e475b>
				<name>SNMP Port</name>
				<update_rra></update_rra>
				<regexp_match></regexp_match>
				<allow_nulls></allow_nulls>
				<type_code>snmp_port</type_code>
				<input_output>in</input_output>
				<data_name>snmp_port</data_name>
			</hash_070021c1f36ee60c3dc98945556d57f26e475b>
			<hash_0700212cf7129ad3ff819a7a7ac189bee48ce8>
				<name>SNMP Authenticaion Protocol (v3)</name>
				<update_rra></update_rra>
				<regexp_match></regexp_match>
				<allow_nulls></allow_nulls>
				<type_code>snmp_auth_protocol</type_code>
				<input_output>in</input_output>
				<data_name>snmp_auth_protocol</data_name>
			</hash_0700212cf7129ad3ff819a7a7ac189bee48ce8>
			<hash_0700216b13ac0a0194e171d241d4b06f913158>
				<name>SNMP Privacy Passphrase (v3)</name>
				<update_rra></update_rra>
				<regexp_match></regexp_match>
				<allow_nulls></allow_nulls>
				<type_code>snmp_priv_passphrase</type_code>
				<input_output>in</input_output>
				<data_name>snmp_priv_passphrase</data_name>
			</hash_0700216b13ac0a0194e171d241d4b06f913158>
			<hash_0700213a33d4fc65b8329ab2ac46a36da26b72>
				<name>SNMP Privacy Protocol (v3)</name>
				<update_rra></update_rra>
				<regexp_match></regexp_match>
				<allow_nulls></allow_nulls>
				<type_code>snmp_priv_protocol</type_code>
				<input_output>in</input_output>
				<data_name>snmp_priv_protocol</data_name>
			</hash_0700213a33d4fc65b8329ab2ac46a36da26b72>
			<hash_0700215240353b8f7f259acaf30e6229bc14e7>
				<name>Port</name>
				<update_rra></update_rra>
				<regexp_match></regexp_match>
				<allow_nulls>on</allow_nulls>
				<type_code>snmp_port</type_code>
				<input_output>in</input_output>
				<data_name>snmp_port</data_name>
			</hash_0700215240353b8f7f259acaf30e6229bc14e7>
		</fields>
	</hash_030021bf566c869ac6443b0c75d1c32b5a350e>
	<hash_00002130cbb1cfd3602413d84757642b71666a>
		<name>ucd/net - Device I/O - Bytes Read/Written</name>
		<graph>
			<t_title></t_title>
			<title>|host_description| - Device I/O - Bytes Read/Written |query_diskIODevice|</title>
			<t_image_format_id></t_image_format_id>
			<image_format_id>1</image_format_id>
			<t_height></t_height>
			<height>120</height>
			<t_width></t_width>
			<width>500</width>
			<t_slope_mode>0</t_slope_mode>
			<slope_mode>on</slope_mode>
			<t_auto_scale></t_auto_scale>
			<auto_scale>on</auto_scale>
			<t_auto_scale_opts></t_auto_scale_opts>
			<auto_scale_opts>2</auto_scale_opts>
			<t_auto_scale_log></t_auto_scale_log>
			<auto_scale_log></auto_scale_log>
			<t_scale_log_units>0</t_scale_log_units>
			<scale_log_units></scale_log_units>
			<t_auto_scale_rigid></t_auto_scale_rigid>
			<auto_scale_rigid></auto_scale_rigid>
			<t_auto_padding></t_auto_padding>
			<auto_padding>on</auto_padding>
			<t_export></t_export>
			<export>on</export>
			<t_upper_limit></t_upper_limit>
			<upper_limit>0</upper_limit>
			<t_lower_limit></t_lower_limit>
			<lower_limit>0</lower_limit>
			<t_base_value></t_base_value>
			<base_value>1024</base_value>
			<t_unit_value></t_unit_value>
			<unit_value></unit_value>
			<t_unit_exponent_value></t_unit_exponent_value>
			<unit_exponent_value></unit_exponent_value>
			<t_vertical_label></t_vertical_label>
			<vertical_label>Bytes Read/Written</vertical_label>
		</graph>
		<items>
			<hash_1000215f1c879abc0726777fca0fc789389c83>
				<task_item_id>hash_080021569d9564a56dfe030df1fec5b596a6eb</task_item_id>
				<color_id>55D6D3</color_id>
				<alpha>FF</alpha>
				<graph_type_id>7</graph_type_id>
				<consolidation_function_id>1</consolidation_function_id>
				<cdef_id>0</cdef_id>
				<value></value>
				<gprint_id>hash_060021e9c43831e54eca8069317a2ce8c6f751</gprint_id>
				<text_format>Bytes Read</text_format>
				<hard_return></hard_return>
				<sequence>1</sequence>
			</hash_1000215f1c879abc0726777fca0fc789389c83>
			<hash_10002151c0118319b44f47189ae31f0309f9f0>
				<task_item_id>hash_080021569d9564a56dfe030df1fec5b596a6eb</task_item_id>
				<color_id>0</color_id>
				<alpha>FF</alpha>
				<graph_type_id>9</graph_type_id>
				<consolidation_function_id>4</consolidation_function_id>
				<cdef_id>0</cdef_id>
				<value></value>
				<gprint_id>hash_060021e9c43831e54eca8069317a2ce8c6f751</gprint_id>
				<text_format>Current:</text_format>
				<hard_return></hard_return>
				<sequence>2</sequence>
			</hash_10002151c0118319b44f47189ae31f0309f9f0>
			<hash_1000210f89b5078bf70f0af2bf78234b23f00d>
				<task_item_id>hash_080021569d9564a56dfe030df1fec5b596a6eb</task_item_id>
				<color_id>0</color_id>
				<alpha>FF</alpha>
				<graph_type_id>9</graph_type_id>
				<consolidation_function_id>1</consolidation_function_id>
				<cdef_id>0</cdef_id>
				<value></value>
				<gprint_id>hash_060021e9c43831e54eca8069317a2ce8c6f751</gprint_id>
				<text_format>Average:</text_format>
				<hard_return></hard_return>
				<sequence>3</sequence>
			</hash_1000210f89b5078bf70f0af2bf78234b23f00d>
			<hash_1000210120d481227fa168959c10bb270caa18>
				<task_item_id>hash_080021569d9564a56dfe030df1fec5b596a6eb</task_item_id>
				<color_id>0</color_id>
				<alpha>FF</alpha>
				<graph_type_id>9</graph_type_id>
				<consolidation_function_id>3</consolidation_function_id>
				<cdef_id>0</cdef_id>
				<value></value>
				<gprint_id>hash_060021e9c43831e54eca8069317a2ce8c6f751</gprint_id>
				<text_format>Maximum:</text_format>
				<hard_return>on</hard_return>
				<sequence>4</sequence>
			</hash_1000210120d481227fa168959c10bb270caa18>
			<hash_100021e73e2f5934a93891e7cbc573904bd6b4>
				<task_item_id>hash_0800210810b7d392b044e5947e324942a6c6dc</task_item_id>
				<color_id>FFAB00</color_id>
				<alpha>FF</alpha>
				<graph_type_id>7</graph_type_id>
				<consolidation_function_id>1</consolidation_function_id>
				<cdef_id>0</cdef_id>
				<value></value>
				<gprint_id>hash_060021e9c43831e54eca8069317a2ce8c6f751</gprint_id>
				<text_format>Bytes Written</text_format>
				<hard_return></hard_return>
				<sequence>5</sequence>
			</hash_100021e73e2f5934a93891e7cbc573904bd6b4>
			<hash_1000211c6656d52338c4abb6dadf149bfed8bf>
				<task_item_id>hash_0800210810b7d392b044e5947e324942a6c6dc</task_item_id>
				<color_id>0</color_id>
				<alpha>FF</alpha>
				<graph_type_id>9</graph_type_id>
				<consolidation_function_id>4</consolidation_function_id>
				<cdef_id>0</cdef_id>
				<value></value>
				<gprint_id>hash_060021e9c43831e54eca8069317a2ce8c6f751</gprint_id>
				<text_format>Current:</text_format>
				<hard_return></hard_return>
				<sequence>6</sequence>
			</hash_1000211c6656d52338c4abb6dadf149bfed8bf>
			<hash_100021e37e7851de6f4fbcb7d56a154a105e87>
				<task_item_id>hash_0800210810b7d392b044e5947e324942a6c6dc</task_item_id>
				<color_id>0</color_id>
				<alpha>FF</alpha>
				<graph_type_id>9</graph_type_id>
				<consolidation_function_id>1</consolidation_function_id>
				<cdef_id>0</cdef_id>
				<value></value>
				<gprint_id>hash_060021e9c43831e54eca8069317a2ce8c6f751</gprint_id>
				<text_format>Average:</text_format>
				<hard_return></hard_return>
				<sequence>7</sequence>
			</hash_100021e37e7851de6f4fbcb7d56a154a105e87>
			<hash_10002170eee256f03cfc9b2c94b79764c919f7>
				<task_item_id>hash_0800210810b7d392b044e5947e324942a6c6dc</task_item_id>
				<color_id>0</color_id>
				<alpha>FF</alpha>
				<graph_type_id>9</graph_type_id>
				<consolidation_function_id>3</consolidation_function_id>
				<cdef_id>0</cdef_id>
				<value></value>
				<gprint_id>hash_060021e9c43831e54eca8069317a2ce8c6f751</gprint_id>
				<text_format>Maximum:</text_format>
				<hard_return>on</hard_return>
				<sequence>8</sequence>
			</hash_10002170eee256f03cfc9b2c94b79764c919f7>
		</items>
		<inputs>
			<hash_09002165126c24617c23b64079ba555751da3f>
				<name>Data Source [Bytes_Read]</name>
				<description></description>
				<column_name>task_item_id</column_name>
				<items>hash_0000215f1c879abc0726777fca0fc789389c83|hash_00002151c0118319b44f47189ae31f0309f9f0|hash_0000210f89b5078bf70f0af2bf78234b23f00d|hash_0000210120d481227fa168959c10bb270caa18</items>
			</hash_09002165126c24617c23b64079ba555751da3f>
			<hash_0900217ea0ac64ce0aba0c2b392cc6d7034515>
				<name>Data Source [Bytes_Written]</name>
				<description></description>
				<column_name>task_item_id</column_name>
				<items>hash_000021e73e2f5934a93891e7cbc573904bd6b4|hash_0000211c6656d52338c4abb6dadf149bfed8bf|hash_000021e37e7851de6f4fbcb7d56a154a105e87|hash_00002170eee256f03cfc9b2c94b79764c919f7</items>
			</hash_0900217ea0ac64ce0aba0c2b392cc6d7034515>
		</inputs>
	</hash_00002130cbb1cfd3602413d84757642b71666a>
	<hash_000021aa2984e39e8c1a1a417e4de3a06be822>
		<name>ucd/net - Device I/O - Load Averages</name>
		<graph>
			<t_title></t_title>
			<title>|host_description| - Device I/O - Load Averages - |query_diskIODevice|</title>
			<t_image_format_id></t_image_format_id>
			<image_format_id>1</image_format_id>
			<t_height></t_height>
			<height>120</height>
			<t_width></t_width>
			<width>500</width>
			<t_slope_mode>0</t_slope_mode>
			<slope_mode>on</slope_mode>
			<t_auto_scale></t_auto_scale>
			<auto_scale>on</auto_scale>
			<t_auto_scale_opts></t_auto_scale_opts>
			<auto_scale_opts>2</auto_scale_opts>
			<t_auto_scale_log></t_auto_scale_log>
			<auto_scale_log></auto_scale_log>
			<t_scale_log_units>0</t_scale_log_units>
			<scale_log_units></scale_log_units>
			<t_auto_scale_rigid></t_auto_scale_rigid>
			<auto_scale_rigid></auto_scale_rigid>
			<t_auto_padding></t_auto_padding>
			<auto_padding>on</auto_padding>
			<t_export></t_export>
			<export>on</export>
			<t_upper_limit></t_upper_limit>
			<upper_limit>100</upper_limit>
			<t_lower_limit></t_lower_limit>
			<lower_limit>0</lower_limit>
			<t_base_value></t_base_value>
			<base_value>1000</base_value>
			<t_unit_value></t_unit_value>
			<unit_value></unit_value>
			<t_unit_exponent_value></t_unit_exponent_value>
			<unit_exponent_value></unit_exponent_value>
			<t_vertical_label></t_vertical_label>
			<vertical_label>Load Average</vertical_label>
		</graph>
		<items>
			<hash_1000212af89c1736a15b40208268d291399ca7>
				<task_item_id>0</task_item_id>
				<color_id>0</color_id>
				<alpha>FF</alpha>
				<graph_type_id>1</graph_type_id>
				<consolidation_function_id>1</consolidation_function_id>
				<cdef_id>0</cdef_id>
				<value></value>
				<gprint_id>hash_060021e9c43831e54eca8069317a2ce8c6f751</gprint_id>
				<text_format>Load Averages:</text_format>
				<hard_return>on</hard_return>
				<sequence>1</sequence>
			</hash_1000212af89c1736a15b40208268d291399ca7>
			<hash_1000212f92441bafd3b0ac3d8a7b8f14f7e7f4>
				<task_item_id>hash_08002115f554db4748ed584449fe6d3cddb38e</task_item_id>
				<color_id>FFF200</color_id>
				<alpha>FF</alpha>
				<graph_type_id>7</graph_type_id>
				<consolidation_function_id>4</consolidation_function_id>
				<cdef_id>0</cdef_id>
				<value></value>
				<gprint_id>hash_060021e9c43831e54eca8069317a2ce8c6f751</gprint_id>
				<text_format>1 Minute:</text_format>
				<hard_return></hard_return>
				<sequence>2</sequence>
			</hash_1000212f92441bafd3b0ac3d8a7b8f14f7e7f4>
			<hash_100021c970fc901877e404e96c0f5e3ff294b5>
				<task_item_id>hash_0800218aa93b5eb1db402622935784e9bce232</task_item_id>
				<color_id>FF0000</color_id>
				<alpha>FF</alpha>
				<graph_type_id>8</graph_type_id>
				<consolidation_function_id>4</consolidation_function_id>
				<cdef_id>0</cdef_id>
				<value></value>
				<gprint_id>hash_060021e9c43831e54eca8069317a2ce8c6f751</gprint_id>
				<text_format>15 Minute:</text_format>
				<hard_return></hard_return>
				<sequence>3</sequence>
			</hash_100021c970fc901877e404e96c0f5e3ff294b5>
			<hash_1000210a493360ea80b6c42fab0a25a4035ac9>
				<task_item_id>hash_080021c7d3c107a9598f2a1209ed0fccd2527c</task_item_id>
				<color_id>FFAB00</color_id>
				<alpha>FF</alpha>
				<graph_type_id>8</graph_type_id>
				<consolidation_function_id>4</consolidation_function_id>
				<cdef_id>0</cdef_id>
				<value></value>
				<gprint_id>hash_060021e9c43831e54eca8069317a2ce8c6f751</gprint_id>
				<text_format>5 Minute:</text_format>
				<hard_return>on</hard_return>
				<sequence>4</sequence>
			</hash_1000210a493360ea80b6c42fab0a25a4035ac9>
			<hash_100021410dd4aff47398087be5a5a04e5259da>
				<task_item_id>hash_08002115f554db4748ed584449fe6d3cddb38e</task_item_id>
				<color_id>0</color_id>
				<alpha>FF</alpha>
				<graph_type_id>9</graph_type_id>
				<consolidation_function_id>4</consolidation_function_id>
				<cdef_id>0</cdef_id>
				<value></value>
				<gprint_id>hash_060021304a778405392f878a6db435afffc1e9</gprint_id>
				<text_format></text_format>
				<hard_return></hard_return>
				<sequence>5</sequence>
			</hash_100021410dd4aff47398087be5a5a04e5259da>
			<hash_1000213e8e0d42b8d3cf2a31d18682e5cfdaaf>
				<task_item_id>hash_080021c7d3c107a9598f2a1209ed0fccd2527c</task_item_id>
				<color_id>0</color_id>
				<alpha>FF</alpha>
				<graph_type_id>9</graph_type_id>
				<consolidation_function_id>4</consolidation_function_id>
				<cdef_id>0</cdef_id>
				<value></value>
				<gprint_id>hash_060021304a778405392f878a6db435afffc1e9</gprint_id>
				<text_format></text_format>
				<hard_return></hard_return>
				<sequence>6</sequence>
			</hash_1000213e8e0d42b8d3cf2a31d18682e5cfdaaf>
			<hash_100021cf08fa0dd958e1d5cd0b0175ed0af333>
				<task_item_id>hash_0800218aa93b5eb1db402622935784e9bce232</task_item_id>
				<color_id>0</color_id>
				<alpha>FF</alpha>
				<graph_type_id>9</graph_type_id>
				<consolidation_function_id>4</consolidation_function_id>
				<cdef_id>0</cdef_id>
				<value></value>
				<gprint_id>hash_060021304a778405392f878a6db435afffc1e9</gprint_id>
				<text_format></text_format>
				<hard_return></hard_return>
				<sequence>7</sequence>
			</hash_100021cf08fa0dd958e1d5cd0b0175ed0af333>
		</items>
		<inputs>
			<hash_09002130d6aa3a34630bec2a143ac063a76907>
				<name>Data Source [15Min_LoadAvg]</name>
				<description></description>
				<column_name>task_item_id</column_name>
				<items>hash_000021c970fc901877e404e96c0f5e3ff294b5|hash_000021cf08fa0dd958e1d5cd0b0175ed0af333</items>
			</hash_09002130d6aa3a34630bec2a143ac063a76907>
			<hash_090021456e79bda9a2e0f370f7b077d0ce9ad4>
				<name>Data Source [1Min_LoadAvg]</name>
				<description></description>
				<column_name>task_item_id</column_name>
				<items>hash_0000212f92441bafd3b0ac3d8a7b8f14f7e7f4|hash_000021410dd4aff47398087be5a5a04e5259da</items>
			</hash_090021456e79bda9a2e0f370f7b077d0ce9ad4>
			<hash_090021f930429ea76fd8a8ea9af5461f738357>
				<name>Data Source [5Min_LoadAvg]</name>
				<description></description>
				<column_name>task_item_id</column_name>
				<items>hash_0000210a493360ea80b6c42fab0a25a4035ac9|hash_0000213e8e0d42b8d3cf2a31d18682e5cfdaaf</items>
			</hash_090021f930429ea76fd8a8ea9af5461f738357>
		</inputs>
	</hash_000021aa2984e39e8c1a1a417e4de3a06be822>
	<hash_0000219ac598676e55dfc08efe6e4ec7c51a0a>
		<name>ucd/net - Device I/O - Reads/Writes</name>
		<graph>
			<t_title></t_title>
			<title>|host_description| - Device I/O - Reads/Writes |query_diskIODevice|</title>
			<t_image_format_id></t_image_format_id>
			<image_format_id>1</image_format_id>
			<t_height></t_height>
			<height>120</height>
			<t_width></t_width>
			<width>500</width>
			<t_slope_mode>0</t_slope_mode>
			<slope_mode>on</slope_mode>
			<t_auto_scale></t_auto_scale>
			<auto_scale>on</auto_scale>
			<t_auto_scale_opts></t_auto_scale_opts>
			<auto_scale_opts>2</auto_scale_opts>
			<t_auto_scale_log></t_auto_scale_log>
			<auto_scale_log></auto_scale_log>
			<t_scale_log_units>0</t_scale_log_units>
			<scale_log_units></scale_log_units>
			<t_auto_scale_rigid></t_auto_scale_rigid>
			<auto_scale_rigid></auto_scale_rigid>
			<t_auto_padding></t_auto_padding>
			<auto_padding>on</auto_padding>
			<t_export></t_export>
			<export>on</export>
			<t_upper_limit></t_upper_limit>
			<upper_limit>0</upper_limit>
			<t_lower_limit></t_lower_limit>
			<lower_limit>0</lower_limit>
			<t_base_value></t_base_value>
			<base_value>1000</base_value>
			<t_unit_value></t_unit_value>
			<unit_value></unit_value>
			<t_unit_exponent_value></t_unit_exponent_value>
			<unit_exponent_value></unit_exponent_value>
			<t_vertical_label></t_vertical_label>
			<vertical_label>Reads/Writes</vertical_label>
		</graph>
		<items>
			<hash_1000216b85618a4561027dc8dcb67583fdca53>
				<task_item_id>hash_080021bd02243964326257af313861ed5dbd68</task_item_id>
				<color_id>0000FF</color_id>
				<alpha>FF</alpha>
				<graph_type_id>4</graph_type_id>
				<consolidation_function_id>4</consolidation_function_id>
				<cdef_id>0</cdef_id>
				<value></value>
				<gprint_id>hash_06002119414480d6897c8731c7dc6c5310653e</gprint_id>
				<text_format>Device Reads:</text_format>
				<hard_return></hard_return>
				<sequence>1</sequence>
			</hash_1000216b85618a4561027dc8dcb67583fdca53>
			<hash_10002144c288205e20b2728a49386848edef0b>
				<task_item_id>hash_080021bd02243964326257af313861ed5dbd68</task_item_id>
				<color_id>0</color_id>
				<alpha>FF</alpha>
				<graph_type_id>9</graph_type_id>
				<consolidation_function_id>4</consolidation_function_id>
				<cdef_id>0</cdef_id>
				<value></value>
				<gprint_id>hash_06002119414480d6897c8731c7dc6c5310653e</gprint_id>
				<text_format>Last:</text_format>
				<hard_return></hard_return>
				<sequence>2</sequence>
			</hash_10002144c288205e20b2728a49386848edef0b>
			<hash_100021582b30daf33cec747505d4aa1b5beab3>
				<task_item_id>hash_080021bd02243964326257af313861ed5dbd68</task_item_id>
				<color_id>0</color_id>
				<alpha>FF</alpha>
				<graph_type_id>9</graph_type_id>
				<consolidation_function_id>2</consolidation_function_id>
				<cdef_id>0</cdef_id>
				<value></value>
				<gprint_id>hash_06002119414480d6897c8731c7dc6c5310653e</gprint_id>
				<text_format>Minimum:</text_format>
				<hard_return></hard_return>
				<sequence>3</sequence>
			</hash_100021582b30daf33cec747505d4aa1b5beab3>
			<hash_1000210e1db768b3c884e7b70ef9c5f1b5c299>
				<task_item_id>hash_080021bd02243964326257af313861ed5dbd68</task_item_id>
				<color_id>0</color_id>
				<alpha>FF</alpha>
				<graph_type_id>9</graph_type_id>
				<consolidation_function_id>1</consolidation_function_id>
				<cdef_id>0</cdef_id>
				<value></value>
				<gprint_id>hash_06002119414480d6897c8731c7dc6c5310653e</gprint_id>
				<text_format>Average:</text_format>
				<hard_return></hard_return>
				<sequence>4</sequence>
			</hash_1000210e1db768b3c884e7b70ef9c5f1b5c299>
			<hash_100021d22a3018c9394f9c72e6a39535facd0d>
				<task_item_id>hash_080021bd02243964326257af313861ed5dbd68</task_item_id>
				<color_id>0</color_id>
				<alpha>FF</alpha>
				<graph_type_id>9</graph_type_id>
				<consolidation_function_id>3</consolidation_function_id>
				<cdef_id>0</cdef_id>
				<value></value>
				<gprint_id>hash_06002119414480d6897c8731c7dc6c5310653e</gprint_id>
				<text_format>Maximum:</text_format>
				<hard_return>on</hard_return>
				<sequence>5</sequence>
			</hash_100021d22a3018c9394f9c72e6a39535facd0d>
			<hash_100021169f60ae37d15d6981fca7ab5b5899bb>
				<task_item_id>hash_0800215caf6f213e9e828efc9f8f9b2ed76d3d</task_item_id>
				<color_id>FF0000</color_id>
				<alpha>FF</alpha>
				<graph_type_id>4</graph_type_id>
				<consolidation_function_id>4</consolidation_function_id>
				<cdef_id>0</cdef_id>
				<value></value>
				<gprint_id>hash_06002119414480d6897c8731c7dc6c5310653e</gprint_id>
				<text_format>Device Writes:</text_format>
				<hard_return></hard_return>
				<sequence>6</sequence>
			</hash_100021169f60ae37d15d6981fca7ab5b5899bb>
			<hash_10002136692ccb814a0c7d7c1c4ed1fa51a185>
				<task_item_id>hash_0800215caf6f213e9e828efc9f8f9b2ed76d3d</task_item_id>
				<color_id>0</color_id>
				<alpha>FF</alpha>
				<graph_type_id>9</graph_type_id>
				<consolidation_function_id>4</consolidation_function_id>
				<cdef_id>0</cdef_id>
				<value></value>
				<gprint_id>hash_06002119414480d6897c8731c7dc6c5310653e</gprint_id>
				<text_format>Last:</text_format>
				<hard_return></hard_return>
				<sequence>7</sequence>
			</hash_10002136692ccb814a0c7d7c1c4ed1fa51a185>
			<hash_1000218a880165df484c71ab809559158e2a15>
				<task_item_id>hash_0800215caf6f213e9e828efc9f8f9b2ed76d3d</task_item_id>
				<color_id>0</color_id>
				<alpha>FF</alpha>
				<graph_type_id>9</graph_type_id>
				<consolidation_function_id>2</consolidation_function_id>
				<cdef_id>0</cdef_id>
				<value></value>
				<gprint_id>hash_06002119414480d6897c8731c7dc6c5310653e</gprint_id>
				<text_format>Minumum:</text_format>
				<hard_return></hard_return>
				<sequence>8</sequence>
			</hash_1000218a880165df484c71ab809559158e2a15>
			<hash_100021634c71aa9ed03895176a26aceb375d83>
				<task_item_id>hash_0800215caf6f213e9e828efc9f8f9b2ed76d3d</task_item_id>
				<color_id>0</color_id>
				<alpha>FF</alpha>
				<graph_type_id>9</graph_type_id>
				<consolidation_function_id>1</consolidation_function_id>
				<cdef_id>0</cdef_id>
				<value></value>
				<gprint_id>hash_06002119414480d6897c8731c7dc6c5310653e</gprint_id>
				<text_format>Average:</text_format>
				<hard_return></hard_return>
				<sequence>9</sequence>
			</hash_100021634c71aa9ed03895176a26aceb375d83>
			<hash_100021168911021bc829a8abf4d4bfeacbe1d3>
				<task_item_id>hash_0800215caf6f213e9e828efc9f8f9b2ed76d3d</task_item_id>
				<color_id>0</color_id>
				<alpha>FF</alpha>
				<graph_type_id>9</graph_type_id>
				<consolidation_function_id>3</consolidation_function_id>
				<cdef_id>0</cdef_id>
				<value></value>
				<gprint_id>hash_06002119414480d6897c8731c7dc6c5310653e</gprint_id>
				<text_format>Maximum:</text_format>
				<hard_return>on</hard_return>
				<sequence>10</sequence>
			</hash_100021168911021bc829a8abf4d4bfeacbe1d3>
		</items>
		<inputs>
			<hash_090021e0ab1b0794eb8ad54e549c363b3b9409>
				<name>Data Source [Device_Writes]</name>
				<description></description>
				<column_name>task_item_id</column_name>
				<items>hash_000021169f60ae37d15d6981fca7ab5b5899bb|hash_00002136692ccb814a0c7d7c1c4ed1fa51a185|hash_0000218a880165df484c71ab809559158e2a15|hash_000021634c71aa9ed03895176a26aceb375d83|hash_000021168911021bc829a8abf4d4bfeacbe1d3</items>
			</hash_090021e0ab1b0794eb8ad54e549c363b3b9409>
			<hash_0900213e0edbee4c2f152e69f0912e379d303f>
				<name>Data Source [Device_Reads]</name>
				<description></description>
				<column_name>task_item_id</column_name>
				<items>hash_0000216b85618a4561027dc8dcb67583fdca53|hash_00002144c288205e20b2728a49386848edef0b|hash_000021582b30daf33cec747505d4aa1b5beab3|hash_0000210e1db768b3c884e7b70ef9c5f1b5c299|hash_000021d22a3018c9394f9c72e6a39535facd0d</items>
			</hash_0900213e0edbee4c2f152e69f0912e379d303f>
		</inputs>
	</hash_0000219ac598676e55dfc08efe6e4ec7c51a0a>
	<hash_010021520349abb0429ae09302de76d090204b>
		<name>ucd/net - Device I/O</name>
		<ds>
			<t_name></t_name>
			<name>|host_description| - Device I/O -|query_diskIODevice|</name>
			<data_input_id>hash_030021bf566c869ac6443b0c75d1c32b5a350e</data_input_id>
			<t_rra_id></t_rra_id>
			<t_rrd_step></t_rrd_step>
			<rrd_step>300</rrd_step>
			<t_active></t_active>
			<active>on</active>
			<rra_items>hash_150021c21df5178e5c955013591239eb0afd46|hash_1500210d9c0af8b8acdc7807943937b3208e29|hash_1500216fc2d038fb42950138b0ce3e9874cc60|hash_150021e36f3adb9f152adfa5dc50fd2b23337e</rra_items>
		</ds>
		<items>
			<hash_080021bd02243964326257af313861ed5dbd68>
				<t_data_source_name></t_data_source_name>
				<data_source_name>Device_Reads</data_source_name>
				<t_rrd_minimum></t_rrd_minimum>
				<rrd_minimum>0</rrd_minimum>
				<t_rrd_maximum></t_rrd_maximum>
				<rrd_maximum>0</rrd_maximum>
				<t_data_source_type_id></t_data_source_type_id>
				<data_source_type_id>2</data_source_type_id>
				<t_rrd_heartbeat></t_rrd_heartbeat>
				<rrd_heartbeat>600</rrd_heartbeat>
				<t_data_input_field_id></t_data_input_field_id>
				<data_input_field_id>0</data_input_field_id>
			</hash_080021bd02243964326257af313861ed5dbd68>
			<hash_0800210810b7d392b044e5947e324942a6c6dc>
				<t_data_source_name></t_data_source_name>
				<data_source_name>Bytes_Written</data_source_name>
				<t_rrd_minimum></t_rrd_minimum>
				<rrd_minimum>0</rrd_minimum>
				<t_rrd_maximum></t_rrd_maximum>
				<rrd_maximum>0</rrd_maximum>
				<t_data_source_type_id></t_data_source_type_id>
				<data_source_type_id>2</data_source_type_id>
				<t_rrd_heartbeat></t_rrd_heartbeat>
				<rrd_heartbeat>600</rrd_heartbeat>
				<t_data_input_field_id></t_data_input_field_id>
				<data_input_field_id>0</data_input_field_id>
			</hash_0800210810b7d392b044e5947e324942a6c6dc>
			<hash_0800215caf6f213e9e828efc9f8f9b2ed76d3d>
				<t_data_source_name></t_data_source_name>
				<data_source_name>Device_Writes</data_source_name>
				<t_rrd_minimum></t_rrd_minimum>
				<rrd_minimum>0</rrd_minimum>
				<t_rrd_maximum></t_rrd_maximum>
				<rrd_maximum>0</rrd_maximum>
				<t_data_source_type_id></t_data_source_type_id>
				<data_source_type_id>2</data_source_type_id>
				<t_rrd_heartbeat></t_rrd_heartbeat>
				<rrd_heartbeat>600</rrd_heartbeat>
				<t_data_input_field_id></t_data_input_field_id>
				<data_input_field_id>0</data_input_field_id>
			</hash_0800215caf6f213e9e828efc9f8f9b2ed76d3d>
			<hash_08002115f554db4748ed584449fe6d3cddb38e>
				<t_data_source_name></t_data_source_name>
				<data_source_name>1Min_LoadAvg</data_source_name>
				<t_rrd_minimum></t_rrd_minimum>
				<rrd_minimum>0</rrd_minimum>
				<t_rrd_maximum></t_rrd_maximum>
				<rrd_maximum>100</rrd_maximum>
				<t_data_source_type_id></t_data_source_type_id>
				<data_source_type_id>1</data_source_type_id>
				<t_rrd_heartbeat></t_rrd_heartbeat>
				<rrd_heartbeat>600</rrd_heartbeat>
				<t_data_input_field_id></t_data_input_field_id>
				<data_input_field_id>0</data_input_field_id>
			</hash_08002115f554db4748ed584449fe6d3cddb38e>
			<hash_080021c7d3c107a9598f2a1209ed0fccd2527c>
				<t_data_source_name></t_data_source_name>
				<data_source_name>5Min_LoadAvg</data_source_name>
				<t_rrd_minimum></t_rrd_minimum>
				<rrd_minimum>0</rrd_minimum>
				<t_rrd_maximum></t_rrd_maximum>
				<rrd_maximum>100</rrd_maximum>
				<t_data_source_type_id></t_data_source_type_id>
				<data_source_type_id>1</data_source_type_id>
				<t_rrd_heartbeat></t_rrd_heartbeat>
				<rrd_heartbeat>600</rrd_heartbeat>
				<t_data_input_field_id></t_data_input_field_id>
				<data_input_field_id>0</data_input_field_id>
			</hash_080021c7d3c107a9598f2a1209ed0fccd2527c>
			<hash_0800218aa93b5eb1db402622935784e9bce232>
				<t_data_source_name></t_data_source_name>
				<data_source_name>15Min_LoadAvg</data_source_name>
				<t_rrd_minimum></t_rrd_minimum>
				<rrd_minimum>0</rrd_minimum>
				<t_rrd_maximum></t_rrd_maximum>
				<rrd_maximum>100</rrd_maximum>
				<t_data_source_type_id></t_data_source_type_id>
				<data_source_type_id>1</data_source_type_id>
				<t_rrd_heartbeat></t_rrd_heartbeat>
				<rrd_heartbeat>600</rrd_heartbeat>
				<t_data_input_field_id></t_data_input_field_id>
				<data_input_field_id>0</data_input_field_id>
			</hash_0800218aa93b5eb1db402622935784e9bce232>
			<hash_080021569d9564a56dfe030df1fec5b596a6eb>
				<t_data_source_name></t_data_source_name>
				<data_source_name>Bytes_Read</data_source_name>
				<t_rrd_minimum></t_rrd_minimum>
				<rrd_minimum>0</rrd_minimum>
				<t_rrd_maximum></t_rrd_maximum>
				<rrd_maximum>0</rrd_maximum>
				<t_data_source_type_id></t_data_source_type_id>
				<data_source_type_id>2</data_source_type_id>
				<t_rrd_heartbeat></t_rrd_heartbeat>
				<rrd_heartbeat>600</rrd_heartbeat>
				<t_data_input_field_id></t_data_input_field_id>
				<data_input_field_id>0</data_input_field_id>
			</hash_080021569d9564a56dfe030df1fec5b596a6eb>
		</items>
		<data>
			<item_000>
				<data_input_field_id>hash_070021617cdc8a230615e59f06f361ef6e7728</data_input_field_id>
				<t_value></t_value>
				<value></value>
			</item_000>
			<item_001>
				<data_input_field_id>hash_070021acb449d1451e8a2a655c2c99d31142c7</data_input_field_id>
				<t_value></t_value>
				<value></value>
			</item_001>
			<item_002>
				<data_input_field_id>hash_070021f4facc5e2ca7ebee621f09bc6d9fc792</data_input_field_id>
				<t_value></t_value>
				<value></value>
			</item_002>
			<item_003>
				<data_input_field_id>hash_0700211cc1493a6781af2c478fa4de971531cf</data_input_field_id>
				<t_value></t_value>
				<value></value>
			</item_003>
			<item_004>
				<data_input_field_id>hash_070021b5c23f246559df38662c255f4aa21d6b</data_input_field_id>
				<t_value></t_value>
				<value></value>
			</item_004>
			<item_005>
				<data_input_field_id>hash_0700216027a919c7c7731fbe095b6f53ab127b</data_input_field_id>
				<t_value>on</t_value>
				<value></value>
			</item_005>
			<item_006>
				<data_input_field_id>hash_070021cbbe5c1ddfb264a6e5d509ce1c78c95f</data_input_field_id>
				<t_value>on</t_value>
				<value></value>
			</item_006>
			<item_007>
				<data_input_field_id>hash_070021e6deda7be0f391399c5130e7c4a48b28</data_input_field_id>
				<t_value>on</t_value>
				<value></value>
			</item_007>
		</data>
	</hash_010021520349abb0429ae09302de76d090204b>
	<hash_150021c21df5178e5c955013591239eb0afd46>
		<name>Daily (5 Minute Average)</name>
		<x_files_factor>0.5</x_files_factor>
		<steps>1</steps>
		<rows>600</rows>
		<timespan>86400</timespan>
		<cf_items>1|2|3|4</cf_items>
	</hash_150021c21df5178e5c955013591239eb0afd46>
	<hash_1500210d9c0af8b8acdc7807943937b3208e29>
		<name>Weekly (30 Minute Average)</name>
		<x_files_factor>0.5</x_files_factor>
		<steps>6</steps>
		<rows>700</rows>
		<timespan>604800</timespan>
		<cf_items>1|2|3|4</cf_items>
	</hash_1500210d9c0af8b8acdc7807943937b3208e29>
	<hash_1500216fc2d038fb42950138b0ce3e9874cc60>
		<name>Monthly (2 Hour Average)</name>
		<x_files_factor>0.5</x_files_factor>
		<steps>24</steps>
		<rows>775</rows>
		<timespan>2678400</timespan>
		<cf_items>1|2|3|4</cf_items>
	</hash_1500216fc2d038fb42950138b0ce3e9874cc60>
	<hash_150021e36f3adb9f152adfa5dc50fd2b23337e>
		<name>Yearly (1 Day Average)</name>
		<x_files_factor>0.5</x_files_factor>
		<steps>288</steps>
		<rows>797</rows>
		<timespan>33053184</timespan>
		<cf_items>1|2|3|4</cf_items>
	</hash_150021e36f3adb9f152adfa5dc50fd2b23337e>
	<hash_060021e9c43831e54eca8069317a2ce8c6f751>
		<name>Normal</name>
		<gprint_text>%8.2lf %s</gprint_text>
	</hash_060021e9c43831e54eca8069317a2ce8c6f751>
	<hash_060021304a778405392f878a6db435afffc1e9>
		<name>Load Average</name>
		<gprint_text>%8.2lf</gprint_text>
	</hash_060021304a778405392f878a6db435afffc1e9>
	<hash_06002119414480d6897c8731c7dc6c5310653e>
		<name>Exact Numbers</name>
		<gprint_text>%8.0lf</gprint_text>
	</hash_06002119414480d6897c8731c7dc6c5310653e>
</cacti>