<query>
   <name>Get Disk I/O</name>
   <description>Queries a net-snmp host for a device I/O listing</description>
   <comment>Get more Cacti graphs at http://www.rodre.com</comment>
   <oid_index>.1.3.6.1.4.1.2021.13.15.1.1.1</oid_index>
   <index_order>diskIODevice:diskIOIndex</index_order>
   <index_order_type>numeric</index_order_type>
   <index_title_format>|chosen_order_field|</index_title_format>
   <fields>
      <diskIOIndex>
         <name>Index</name>
         <method>walk</method>
         <source>value</source>
         <direction>input</direction>
         <oid>.1.3.6.1.4.1.2021.13.15.1.1.1</oid>
      </diskIOIndex>
      <diskIODevice>
         <name>Device</name>
         <method>walk</method>
         <source>value</source>
         <direction>input</direction>
         <oid>.1.3.6.1.4.1.2021.13.15.1.1.2</oid>
      </diskIODevice>
      <diskIONRead>
         <name>BytesRead</name>
         <method>walk</method>
         <source>value</source>
         <direction>output</direction>
         <oid>.1.3.6.1.4.1.2021.13.15.1.1.3</oid>
      </diskIONRead>
      <diskIONWritten>
         <name>BytesWritten</name>
         <method>walk</method>
         <source>value</source>
         <direction>output</direction>
         <oid>.1.3.6.1.4.1.2021.13.15.1.1.4</oid>
      </diskIONWritten>
      <diskIOReads>
         <name>DeviceReads</name>
         <method>walk</method>
         <source>value</source>
         <direction>output</direction>
         <oid>.1.3.6.1.4.1.2021.13.15.1.1.5</oid>
      </diskIOReads>
      <diskIOWrites>
         <name>DeviceWrites</name>
         <method>walk</method>
         <source>value</source>
         <direction>output</direction>
         <oid>.1.3.6.1.4.1.2021.13.15.1.1.6</oid>
      </diskIOWrites>
      <diskIOLA1>
         <name>DiskIO-LoadAvg1min</name>
         <method>walk</method>
         <source>value</source>
         <direction>output</direction>
         <oid>.1.3.6.1.4.1.2021.13.15.1.1.9</oid>
      </diskIOLA1>
      <diskIOLA5>
         <name>DiskIO-LoadAvg5min</name>
         <method>walk</method>
         <source>value</source>
         <direction>output</direction>
         <oid>.1.3.6.1.4.1.2021.13.15.1.1.10</oid>
      </diskIOLA5>
      <diskIOLA15>
         <name>DiskIO-LoadAvg15min</name>
         <method>walk</method>
         <source>value</source>
         <direction>output</direction>
         <oid>.1.3.6.1.4.1.2021.13.15.1.1.11</oid>
      </diskIOLA15>
   </fields>
</query>