<cacti>	
	<hash_000016aa2984e39e8c1a1a417e4de3a06be822>
		<name>ucd/net - Device I/O - Load Averages</name>
		<graph>
			<t_title></t_title>
			<title>|host_description| - Device I/O - Load Averages - |query_diskIODevice|</title>
			<t_image_format_id></t_image_format_id>
			<image_format_id>1</image_format_id>
			<t_height></t_height>
			<height>120</height>
			<t_width></t_width>
			<width>500</width>
			<t_slope_mode>0</t_slope_mode>
			<slope_mode>on</slope_mode>
			<t_auto_scale></t_auto_scale>
			<auto_scale>on</auto_scale>
			<t_auto_scale_opts></t_auto_scale_opts>
			<auto_scale_opts>2</auto_scale_opts>
			<t_auto_scale_log></t_auto_scale_log>
			<auto_scale_log></auto_scale_log>
			<t_scale_log_units>0</t_scale_log_units>
			<scale_log_units></scale_log_units>
			<t_auto_scale_rigid></t_auto_scale_rigid>
			<auto_scale_rigid></auto_scale_rigid>
			<t_auto_padding></t_auto_padding>
			<auto_padding>on</auto_padding>
			<t_export></t_export>
			<export>on</export>
			<t_upper_limit></t_upper_limit>
			<upper_limit>100</upper_limit>
			<t_lower_limit></t_lower_limit>
			<lower_limit>0</lower_limit>
			<t_base_value></t_base_value>
			<base_value>1000</base_value>
			<t_unit_value></t_unit_value>
			<unit_value></unit_value>
			<t_unit_exponent_value></t_unit_exponent_value>
			<unit_exponent_value></unit_exponent_value>
			<t_vertical_label></t_vertical_label>
			<vertical_label>Load Average</vertical_label>
		</graph>
		<items>
			<hash_1000162af89c1736a15b40208268d291399ca7>
				<task_item_id>0</task_item_id>
				<color_id>0</color_id>
				<alpha>FF</alpha>
				<graph_type_id>1</graph_type_id>
				<consolidation_function_id>1</consolidation_function_id>
				<cdef_id>0</cdef_id>
				<value></value>
				<gprint_id>hash_060016e9c43831e54eca8069317a2ce8c6f751</gprint_id>
				<text_format>Load Averages:</text_format>
				<hard_return>on</hard_return>
				<sequence>1</sequence>
			</hash_1000162af89c1736a15b40208268d291399ca7>
			<hash_1000162f92441bafd3b0ac3d8a7b8f14f7e7f4>
				<task_item_id>hash_08001615f554db4748ed584449fe6d3cddb38e</task_item_id>
				<color_id>FFF200</color_id>
				<alpha>FF</alpha>
				<graph_type_id>7</graph_type_id>
				<consolidation_function_id>4</consolidation_function_id>
				<cdef_id>0</cdef_id>
				<value></value>
				<gprint_id>hash_060016e9c43831e54eca8069317a2ce8c6f751</gprint_id>
				<text_format>1 Minute:</text_format>
				<hard_return></hard_return>
				<sequence>2</sequence>
			</hash_1000162f92441bafd3b0ac3d8a7b8f14f7e7f4>
			<hash_100016c970fc901877e404e96c0f5e3ff294b5>
				<task_item_id>hash_0800168aa93b5eb1db402622935784e9bce232</task_item_id>
				<color_id>FF0000</color_id>
				<alpha>FF</alpha>
				<graph_type_id>8</graph_type_id>
				<consolidation_function_id>4</consolidation_function_id>
				<cdef_id>0</cdef_id>
				<value></value>
				<gprint_id>hash_060016e9c43831e54eca8069317a2ce8c6f751</gprint_id>
				<text_format>15 Minute:</text_format>
				<hard_return></hard_return>
				<sequence>3</sequence>
			</hash_100016c970fc901877e404e96c0f5e3ff294b5>
			<hash_1000160a493360ea80b6c42fab0a25a4035ac9>
				<task_item_id>hash_080016c7d3c107a9598f2a1209ed0fccd2527c</task_item_id>
				<color_id>FFAB00</color_id>
				<alpha>FF</alpha>
				<graph_type_id>8</graph_type_id>
				<consolidation_function_id>4</consolidation_function_id>
				<cdef_id>0</cdef_id>
				<value></value>
				<gprint_id>hash_060016e9c43831e54eca8069317a2ce8c6f751</gprint_id>
				<text_format>5 Minute:</text_format>
				<hard_return>on</hard_return>
				<sequence>4</sequence>
			</hash_1000160a493360ea80b6c42fab0a25a4035ac9>
			<hash_100016410dd4aff47398087be5a5a04e5259da>
				<task_item_id>hash_08001615f554db4748ed584449fe6d3cddb38e</task_item_id>
				<color_id>0</color_id>
				<alpha>FF</alpha>
				<graph_type_id>9</graph_type_id>
				<consolidation_function_id>4</consolidation_function_id>
				<cdef_id>0</cdef_id>
				<value></value>
				<gprint_id>hash_060016304a778405392f878a6db435afffc1e9</gprint_id>
				<text_format></text_format>
				<hard_return></hard_return>
				<sequence>5</sequence>
			</hash_100016410dd4aff47398087be5a5a04e5259da>
			<hash_1000163e8e0d42b8d3cf2a31d18682e5cfdaaf>
				<task_item_id>hash_080016c7d3c107a9598f2a1209ed0fccd2527c</task_item_id>
				<color_id>0</color_id>
				<alpha>FF</alpha>
				<graph_type_id>9</graph_type_id>
				<consolidation_function_id>4</consolidation_function_id>
				<cdef_id>0</cdef_id>
				<value></value>
				<gprint_id>hash_060016304a778405392f878a6db435afffc1e9</gprint_id>
				<text_format></text_format>
				<hard_return></hard_return>
				<sequence>6</sequence>
			</hash_1000163e8e0d42b8d3cf2a31d18682e5cfdaaf>
			<hash_100016cf08fa0dd958e1d5cd0b0175ed0af333>
				<task_item_id>hash_0800168aa93b5eb1db402622935784e9bce232</task_item_id>
				<color_id>0</color_id>
				<alpha>FF</alpha>
				<graph_type_id>9</graph_type_id>
				<consolidation_function_id>4</consolidation_function_id>
				<cdef_id>0</cdef_id>
				<value></value>
				<gprint_id>hash_060016304a778405392f878a6db435afffc1e9</gprint_id>
				<text_format></text_format>
				<hard_return></hard_return>
				<sequence>7</sequence>
			</hash_100016cf08fa0dd958e1d5cd0b0175ed0af333>
		</items>
		<inputs>
			<hash_090016f930429ea76fd8a8ea9af5461f738357>
				<name>Data Source [5Min_LoadAvg]</name>
				<description></description>
				<column_name>task_item_id</column_name>
				<items>hash_0000160a493360ea80b6c42fab0a25a4035ac9|hash_0000163e8e0d42b8d3cf2a31d18682e5cfdaaf</items>
			</hash_090016f930429ea76fd8a8ea9af5461f738357>
			<hash_090016456e79bda9a2e0f370f7b077d0ce9ad4>
				<name>Data Source [1Min_LoadAvg]</name>
				<description></description>
				<column_name>task_item_id</column_name>
				<items>hash_0000162f92441bafd3b0ac3d8a7b8f14f7e7f4|hash_000016410dd4aff47398087be5a5a04e5259da</items>
			</hash_090016456e79bda9a2e0f370f7b077d0ce9ad4>
			<hash_09001630d6aa3a34630bec2a143ac063a76907>
				<name>Data Source [15Min_LoadAvg]</name>
				<description></description>
				<column_name>task_item_id</column_name>
				<items>hash_000016c970fc901877e404e96c0f5e3ff294b5|hash_000016cf08fa0dd958e1d5cd0b0175ed0af333</items>
			</hash_09001630d6aa3a34630bec2a143ac063a76907>
		</inputs>
	</hash_000016aa2984e39e8c1a1a417e4de3a06be822>
	<hash_010016520349abb0429ae09302de76d090204b>
		<name>ucd/net - Device I/O</name>
		<ds>
			<t_name></t_name>
			<name>|host_description| - Device I/O -|query_diskIODevice|</name>
			<data_input_id>hash_030016bf566c869ac6443b0c75d1c32b5a350e</data_input_id>
			<t_rra_id></t_rra_id>
			<t_rrd_step></t_rrd_step>
			<rrd_step>300</rrd_step>
			<t_active></t_active>
			<active>on</active>
			<rra_items>hash_150016c21df5178e5c955013591239eb0afd46|hash_1500160d9c0af8b8acdc7807943937b3208e29|hash_1500166fc2d038fb42950138b0ce3e9874cc60|hash_150016e36f3adb9f152adfa5dc50fd2b23337e</rra_items>
		</ds>
		<items>
			<hash_0800168aa93b5eb1db402622935784e9bce232>
				<t_data_source_name></t_data_source_name>
				<data_source_name>15Min_LoadAvg</data_source_name>
				<t_rrd_minimum></t_rrd_minimum>
				<rrd_minimum>0</rrd_minimum>
				<t_rrd_maximum></t_rrd_maximum>
				<rrd_maximum>100</rrd_maximum>
				<t_data_source_type_id></t_data_source_type_id>
				<data_source_type_id>1</data_source_type_id>
				<t_rrd_heartbeat></t_rrd_heartbeat>
				<rrd_heartbeat>600</rrd_heartbeat>
				<t_data_input_field_id></t_data_input_field_id>
				<data_input_field_id>0</data_input_field_id>
			</hash_0800168aa93b5eb1db402622935784e9bce232>
			<hash_080016c7d3c107a9598f2a1209ed0fccd2527c>
				<t_data_source_name></t_data_source_name>
				<data_source_name>5Min_LoadAvg</data_source_name>
				<t_rrd_minimum></t_rrd_minimum>
				<rrd_minimum>0</rrd_minimum>
				<t_rrd_maximum></t_rrd_maximum>
				<rrd_maximum>100</rrd_maximum>
				<t_data_source_type_id></t_data_source_type_id>
				<data_source_type_id>1</data_source_type_id>
				<t_rrd_heartbeat></t_rrd_heartbeat>
				<rrd_heartbeat>600</rrd_heartbeat>
				<t_data_input_field_id></t_data_input_field_id>
				<data_input_field_id>0</data_input_field_id>
			</hash_080016c7d3c107a9598f2a1209ed0fccd2527c>
			<hash_08001615f554db4748ed584449fe6d3cddb38e>
				<t_data_source_name></t_data_source_name>
				<data_source_name>1Min_LoadAvg</data_source_name>
				<t_rrd_minimum></t_rrd_minimum>
				<rrd_minimum>0</rrd_minimum>
				<t_rrd_maximum></t_rrd_maximum>
				<rrd_maximum>100</rrd_maximum>
				<t_data_source_type_id></t_data_source_type_id>
				<data_source_type_id>1</data_source_type_id>
				<t_rrd_heartbeat></t_rrd_heartbeat>
				<rrd_heartbeat>600</rrd_heartbeat>
				<t_data_input_field_id></t_data_input_field_id>
				<data_input_field_id>0</data_input_field_id>
			</hash_08001615f554db4748ed584449fe6d3cddb38e>
			<hash_0800165caf6f213e9e828efc9f8f9b2ed76d3d>
				<t_data_source_name></t_data_source_name>
				<data_source_name>Device_Writes</data_source_name>
				<t_rrd_minimum></t_rrd_minimum>
				<rrd_minimum>0</rrd_minimum>
				<t_rrd_maximum></t_rrd_maximum>
				<rrd_maximum>0</rrd_maximum>
				<t_data_source_type_id></t_data_source_type_id>
				<data_source_type_id>2</data_source_type_id>
				<t_rrd_heartbeat></t_rrd_heartbeat>
				<rrd_heartbeat>600</rrd_heartbeat>
				<t_data_input_field_id></t_data_input_field_id>
				<data_input_field_id>0</data_input_field_id>
			</hash_0800165caf6f213e9e828efc9f8f9b2ed76d3d>
			<hash_0800160810b7d392b044e5947e324942a6c6dc>
				<t_data_source_name></t_data_source_name>
				<data_source_name>Bytes_Written</data_source_name>
				<t_rrd_minimum></t_rrd_minimum>
				<rrd_minimum>0</rrd_minimum>
				<t_rrd_maximum></t_rrd_maximum>
				<rrd_maximum>0</rrd_maximum>
				<t_data_source_type_id></t_data_source_type_id>
				<data_source_type_id>2</data_source_type_id>
				<t_rrd_heartbeat></t_rrd_heartbeat>
				<rrd_heartbeat>600</rrd_heartbeat>
				<t_data_input_field_id></t_data_input_field_id>
				<data_input_field_id>0</data_input_field_id>
			</hash_0800160810b7d392b044e5947e324942a6c6dc>
			<hash_080016bd02243964326257af313861ed5dbd68>
				<t_data_source_name></t_data_source_name>
				<data_source_name>Device_Reads</data_source_name>
				<t_rrd_minimum></t_rrd_minimum>
				<rrd_minimum>0</rrd_minimum>
				<t_rrd_maximum></t_rrd_maximum>
				<rrd_maximum>0</rrd_maximum>
				<t_data_source_type_id></t_data_source_type_id>
				<data_source_type_id>2</data_source_type_id>
				<t_rrd_heartbeat></t_rrd_heartbeat>
				<rrd_heartbeat>600</rrd_heartbeat>
				<t_data_input_field_id></t_data_input_field_id>
				<data_input_field_id>0</data_input_field_id>
			</hash_080016bd02243964326257af313861ed5dbd68>
			<hash_080016569d9564a56dfe030df1fec5b596a6eb>
				<t_data_source_name></t_data_source_name>
				<data_source_name>Bytes_Read</data_source_name>
				<t_rrd_minimum></t_rrd_minimum>
				<rrd_minimum>0</rrd_minimum>
				<t_rrd_maximum></t_rrd_maximum>
				<rrd_maximum>0</rrd_maximum>
				<t_data_source_type_id></t_data_source_type_id>
				<data_source_type_id>2</data_source_type_id>
				<t_rrd_heartbeat></t_rrd_heartbeat>
				<rrd_heartbeat>600</rrd_heartbeat>
				<t_data_input_field_id></t_data_input_field_id>
				<data_input_field_id>0</data_input_field_id>
			</hash_080016569d9564a56dfe030df1fec5b596a6eb>
		</items>
		<data>
			<item_000>
				<data_input_field_id>hash_070016617cdc8a230615e59f06f361ef6e7728</data_input_field_id>
				<t_value></t_value>
				<value></value>
			</item_000>
			<item_001>
				<data_input_field_id>hash_070016acb449d1451e8a2a655c2c99d31142c7</data_input_field_id>
				<t_value></t_value>
				<value></value>
			</item_001>
			<item_002>
				<data_input_field_id>hash_070016f4facc5e2ca7ebee621f09bc6d9fc792</data_input_field_id>
				<t_value></t_value>
				<value></value>
			</item_002>
			<item_003>
				<data_input_field_id>hash_0700161cc1493a6781af2c478fa4de971531cf</data_input_field_id>
				<t_value></t_value>
				<value></value>
			</item_003>
			<item_004>
				<data_input_field_id>hash_070016b5c23f246559df38662c255f4aa21d6b</data_input_field_id>
				<t_value></t_value>
				<value></value>
			</item_004>
			<item_005>
				<data_input_field_id>hash_0700166027a919c7c7731fbe095b6f53ab127b</data_input_field_id>
				<t_value>on</t_value>
				<value></value>
			</item_005>
			<item_006>
				<data_input_field_id>hash_070016cbbe5c1ddfb264a6e5d509ce1c78c95f</data_input_field_id>
				<t_value>on</t_value>
				<value></value>
			</item_006>
			<item_007>
				<data_input_field_id>hash_070016e6deda7be0f391399c5130e7c4a48b28</data_input_field_id>
				<t_value>on</t_value>
				<value></value>
			</item_007>
		</data>
	</hash_010016520349abb0429ae09302de76d090204b>
	<hash_030016bf566c869ac6443b0c75d1c32b5a350e>
		<name>Get SNMP Data (Indexed)</name>
		<type_id>3</type_id>
		<input_string></input_string>
		<fields>
			<hash_070016617cdc8a230615e59f06f361ef6e7728>
				<name>SNMP IP Address</name>
				<update_rra></update_rra>
				<regexp_match></regexp_match>
				<allow_nulls></allow_nulls>
				<type_code>hostname</type_code>
				<input_output>in</input_output>
				<data_name>management_ip</data_name>
			</hash_070016617cdc8a230615e59f06f361ef6e7728>
			<hash_070016acb449d1451e8a2a655c2c99d31142c7>
				<name>SNMP Community</name>
				<update_rra></update_rra>
				<regexp_match></regexp_match>
				<allow_nulls></allow_nulls>
				<type_code>snmp_community</type_code>
				<input_output>in</input_output>
				<data_name>snmp_community</data_name>
			</hash_070016acb449d1451e8a2a655c2c99d31142c7>
			<hash_070016f4facc5e2ca7ebee621f09bc6d9fc792>
				<name>SNMP Username (v3)</name>
				<update_rra></update_rra>
				<regexp_match></regexp_match>
				<allow_nulls>on</allow_nulls>
				<type_code>snmp_username</type_code>
				<input_output>in</input_output>
				<data_name>snmp_username</data_name>
			</hash_070016f4facc5e2ca7ebee621f09bc6d9fc792>
			<hash_0700161cc1493a6781af2c478fa4de971531cf>
				<name>SNMP Password (v3)</name>
				<update_rra></update_rra>
				<regexp_match></regexp_match>
				<allow_nulls>on</allow_nulls>
				<type_code>snmp_password</type_code>
				<input_output>in</input_output>
				<data_name>snmp_password</data_name>
			</hash_0700161cc1493a6781af2c478fa4de971531cf>
			<hash_070016b5c23f246559df38662c255f4aa21d6b>
				<name>SNMP Version (1, 2, or 3)</name>
				<update_rra></update_rra>
				<regexp_match></regexp_match>
				<allow_nulls></allow_nulls>
				<type_code>snmp_version</type_code>
				<input_output>in</input_output>
				<data_name>snmp_version</data_name>
			</hash_070016b5c23f246559df38662c255f4aa21d6b>
			<hash_0700166027a919c7c7731fbe095b6f53ab127b>
				<name>Index Type</name>
				<update_rra></update_rra>
				<regexp_match></regexp_match>
				<allow_nulls></allow_nulls>
				<type_code>index_type</type_code>
				<input_output>in</input_output>
				<data_name>index_type</data_name>
			</hash_0700166027a919c7c7731fbe095b6f53ab127b>
			<hash_070016cbbe5c1ddfb264a6e5d509ce1c78c95f>
				<name>Index Value</name>
				<update_rra></update_rra>
				<regexp_match></regexp_match>
				<allow_nulls>on</allow_nulls>
				<type_code>index_value</type_code>
				<input_output>in</input_output>
				<data_name>index_value</data_name>
			</hash_070016cbbe5c1ddfb264a6e5d509ce1c78c95f>
			<hash_070016e6deda7be0f391399c5130e7c4a48b28>
				<name>Output Type ID</name>
				<update_rra></update_rra>
				<regexp_match></regexp_match>
				<allow_nulls></allow_nulls>
				<type_code>output_type</type_code>
				<input_output>in</input_output>
				<data_name>output_type</data_name>
			</hash_070016e6deda7be0f391399c5130e7c4a48b28>
			<hash_070016c1f36ee60c3dc98945556d57f26e475b>
				<name>SNMP Port</name>
				<update_rra></update_rra>
				<regexp_match></regexp_match>
				<allow_nulls></allow_nulls>
				<type_code>snmp_port</type_code>
				<input_output>in</input_output>
				<data_name>snmp_port</data_name>
			</hash_070016c1f36ee60c3dc98945556d57f26e475b>
			<hash_0700162cf7129ad3ff819a7a7ac189bee48ce8>
				<name>SNMP Authenticaion Protocol (v3)</name>
				<update_rra></update_rra>
				<regexp_match></regexp_match>
				<allow_nulls></allow_nulls>
				<type_code>snmp_auth_protocol</type_code>
				<input_output>in</input_output>
				<data_name>snmp_auth_protocol</data_name>
			</hash_0700162cf7129ad3ff819a7a7ac189bee48ce8>
			<hash_0700166b13ac0a0194e171d241d4b06f913158>
				<name>SNMP Privacy Passphrase (v3)</name>
				<update_rra></update_rra>
				<regexp_match></regexp_match>
				<allow_nulls></allow_nulls>
				<type_code>snmp_priv_passphrase</type_code>
				<input_output>in</input_output>
				<data_name>snmp_priv_passphrase</data_name>
			</hash_0700166b13ac0a0194e171d241d4b06f913158>
			<hash_0700163a33d4fc65b8329ab2ac46a36da26b72>
				<name>SNMP Privacy Protocol (v3)</name>
				<update_rra></update_rra>
				<regexp_match></regexp_match>
				<allow_nulls></allow_nulls>
				<type_code>snmp_priv_protocol</type_code>
				<input_output>in</input_output>
				<data_name>snmp_priv_protocol</data_name>
			</hash_0700163a33d4fc65b8329ab2ac46a36da26b72>
		</fields>
	</hash_030016bf566c869ac6443b0c75d1c32b5a350e>
	<hash_150016c21df5178e5c955013591239eb0afd46>
		<name>Daily (5 Minute Average)</name>
		<x_files_factor>0.5</x_files_factor>
		<steps>1</steps>
		<rows>600</rows>
		<timespan>86400</timespan>
		<cf_items>1|3|4</cf_items>
	</hash_150016c21df5178e5c955013591239eb0afd46>
	<hash_1500160d9c0af8b8acdc7807943937b3208e29>
		<name>Weekly (30 Minute Average)</name>
		<x_files_factor>0.5</x_files_factor>
		<steps>6</steps>
		<rows>700</rows>
		<timespan>604800</timespan>
		<cf_items>1|3|4</cf_items>
	</hash_1500160d9c0af8b8acdc7807943937b3208e29>
	<hash_1500166fc2d038fb42950138b0ce3e9874cc60>
		<name>Monthly (2 Hour Average)</name>
		<x_files_factor>0.5</x_files_factor>
		<steps>24</steps>
		<rows>775</rows>
		<timespan>2678400</timespan>
		<cf_items>1|3|4</cf_items>
	</hash_1500166fc2d038fb42950138b0ce3e9874cc60>
	<hash_150016e36f3adb9f152adfa5dc50fd2b23337e>
		<name>Yearly (1 Day Average)</name>
		<x_files_factor>0.5</x_files_factor>
		<steps>288</steps>
		<rows>797</rows>
		<timespan>33053184</timespan>
		<cf_items>1|3|4</cf_items>
	</hash_150016e36f3adb9f152adfa5dc50fd2b23337e>
	<hash_060016e9c43831e54eca8069317a2ce8c6f751>
		<name>Normal</name>
		<gprint_text>%8.2lf %s</gprint_text>
	</hash_060016e9c43831e54eca8069317a2ce8c6f751>
	<hash_060016304a778405392f878a6db435afffc1e9>
		<name>Load Average</name>
		<gprint_text>%8.2lf</gprint_text>
	</hash_060016304a778405392f878a6db435afffc1e9>
</cacti>